{"links": [{"rel": "self", "href": "https://data.townofcary.org/api/v2/catalog/datasets/cpd-crash-incidents"}, {"rel": "datasets", "href": "https://data.townofcary.org/api/v2/catalog/datasets"}, {"rel": "records", "href": "https://data.townofcary.org/api/v2/catalog/datasets/cpd-crash-incidents/records"}, {"rel": "exports", "href": "https://data.townofcary.org/api/v2/catalog/datasets/cpd-crash-incidents/exports"}, {"rel": "aggregate", "href": "https://data.townofcary.org/api/v2/catalog/datasets/cpd-crash-incidents/aggregates"}, {"rel": "facets", "href": "https://data.townofcary.org/api/v2/catalog/datasets/cpd-crash-incidents/facets"}, {"rel": "reuses", "href": "https://data.townofcary.org/api/v2/catalog/datasets/cpd-crash-incidents/reuses"}], "dataset": {"dataset_id": "cpd-crash-incidents", "dataset_uid": "da_gni1bh", "has_records": true, "features": ["timeserie", "analyze", "geo"], "visibility": "domain", "attachments": [], "data_visible": true, "fields": [{"name": "tamainid", "description": "Incident Number from RMS", "annotations": {}, "label": "tamainid", "type": "int"}, {"name": "location_description", "description": "Description of where the crash occurred.", "annotations": {}, "label": "Location Description", "type": "text"}, {"name": "rdfeature", "description": "Special feature of the road where crash occurred.", "annotations": {"facet": true, "facetsort": "-count", "sortable": true, "disjunctive": true}, "label": "Road Feature", "type": "text"}, {"name": "rdcharacter", "description": "Description of the road in which crash occurred.", "annotations": {"facet": true, "disjunctive": true, "sortable": true, "facetsort": "-count", "multivalued": ","}, "label": "Road Character", "type": "text"}, {"name": "rdclass", "description": "Classification of the road type where crash occurred.", "annotations": {"facet": true, "facetsort": "-count", "disjunctive": true, "sortable": true, "multivalued": ","}, "label": "Road Class", "type": "text"}, {"name": "rdconfigur", "description": "Indicates the design of the road where crash occurred.", "annotations": {"facet": true, "facetsort": "-count", "disjunctive": true, "sortable": true, "multivalued": ","}, "label": "Road Configuration", "type": "text"}, {"name": "rdsurface", "description": "Material or type of surface associated with the road in which the crash occurred.", "annotations": {"facet": true, "sortable": true, "disjunctive": true, "facetsort": "-count"}, "label": "Road Surface", "type": "text"}, {"name": "rdcondition", "description": "Condition of the road when crash occurred.", "annotations": {"facet": true, "facetsort": "-count", "disjunctive": true, "sortable": true}, "label": "Road Conditions", "type": "text"}, {"name": "lightcond", "description": "Describes the lighting at the time of the crash.", "annotations": {"facet": true, "facetsort": "-count", "disjunctive": true, "sortable": true}, "label": "Light Condition", "type": "text"}, {"name": "weather", "description": "Describes the weather conditions at the time of the crash.", "annotations": {"facet": true, "facetsort": "-count", "disjunctive": true, "sortable": true}, "label": "Weather", "type": "text"}, {"name": "trafcontrl", "description": "Indicates any traffic factor during the time of the crash.", "annotations": {"facet": true, "disjunctive": true, "sortable": true, "facetsort": "-count"}, "label": "Traffic Control", "type": "text"}, {"name": "lat", "description": "Latitude which corresponds to the location of the crash.", "annotations": {}, "label": "lat", "type": "double"}, {"name": "lon", "description": "Longitude which corresponds to the location of the crash.", "annotations": {}, "label": "lon", "type": "double"}, {"name": "lon2", "description": null, "annotations": {}, "label": "lon2", "type": "double"}, {"name": "lat2", "description": null, "annotations": {}, "label": "lat2", "type": "double"}, {"name": "tract", "description": null, "annotations": {}, "label": "tract", "type": "text"}, {"name": "zone", "description": null, "annotations": {}, "label": "Beat", "type": "int"}, {"name": "fatality", "description": "Indicates the number of fatalities involved in the crash.", "annotations": {}, "label": "Fatality", "type": "int"}, {"name": "possblinj", "description": "Indicates the number of people involved in the crash who had injuries.", "annotations": {}, "label": "Injury", "type": "int"}, {"name": "numpassengers", "description": "Indicates the number of passengers involved in the crash.", "annotations": {}, "label": "Number of Passengers", "type": "int"}, {"name": "numpedestrians", "description": "Indicates the number of pedestrians involved in the crash.", "annotations": {"facetsort": "-count", "sortable": true}, "label": "Number of Pedestrians", "type": "text"}, {"name": "contrcir1_desc", "description": "Indicates a contributing factor for the crash.", "annotations": {}, "label": "Contributing Factor 1", "type": "text"}, {"name": "contrcir2_desc", "description": "Indicates the second contributing factor for the crash.", "annotations": {}, "label": "Contributing Factor 2", "type": "text"}, {"name": "contrcir3_desc", "description": "Indicates the third contributing factor for the crash.", "annotations": {}, "label": "Contributing Factor 3", "type": "text"}, {"name": "contrcir4_desc", "description": "Indicates the fourth contributing factor for the crash.", "annotations": {}, "label": "Contributing Factor 4", "type": "text"}, {"name": "vehicle1", "description": "Indicates a vehicle involved in the corresponding crash.", "annotations": {"facetsort": "-count", "disjunctive": true, "sortable": true}, "label": "Vehicle 1", "type": "text"}, {"name": "vehicle2", "description": "Indicates a vehicle involved in the corresponding crash.", "annotations": {}, "label": "Vehicle 2", "type": "text"}, {"name": "vehicle3", "description": "Indicates a vehicle involved in the corresponding crash.", "annotations": {}, "label": "Vehicle 3", "type": "text"}, {"name": "vehicle4", "description": "Indicates a vehicle involved in the corresponding crash.", "annotations": {}, "label": "Vehicle 4", "type": "text"}, {"name": "vehicle5", "description": "Indicates a vehicle involved in the corresponding crash.", "annotations": {}, "label": "Vehicle 5", "type": "text"}, {"name": "workarea", "description": "Indicates if the corresponding crash location was a work area at the time of the crash.", "annotations": {"facet": true}, "label": "Work Area", "type": "text"}, {"name": "records", "description": "Unique ID which corresponds to the order of the entire data set", "annotations": {}, "label": "Records", "type": "int"}, {"name": "ta_date", "description": "Date of Crash", "annotations": {"facetsort": "-alphanum", "timeserie_precision": "day"}, "label": "TA_Date", "type": "date"}, {"name": "ta_time", "description": "Time of Crash", "annotations": {"facetsort": "-count"}, "label": "TA_Time", "type": "text"}, {"name": "crash_date", "description": null, "annotations": {"timeserie_precision": "hour", "facetsort": "-alphanum"}, "label": "Crash Date/Time", "type": "datetime"}, {"name": "geo_location", "description": "Geographical Coordinates of Crash", "annotations": {"facetsort": "-count"}, "label": "Geo_Location", "type": "geo_point_2d"}, {"name": "year", "description": null, "annotations": {"timeserie_precision": "year", "facetsort": "-alphanum", "facet": true}, "label": "Crash Date - Year", "type": "date"}, {"name": "fatalities", "description": null, "annotations": {"facet": true, "sortable": true, "facetsort": "-count"}, "label": "Fatalities", "type": "text"}, {"name": "injuries", "description": null, "annotations": {"facet": true, "facetsort": "-count", "sortable": true}, "label": "Injuries", "type": "text"}, {"name": "month", "description": null, "annotations": {"disjunctive": true, "sortable": true, "facetsort": "alphanum"}, "label": "Month", "type": "text"}, {"name": "contrfact1", "description": null, "annotations": {}, "label": "contrfact1", "type": "text"}, {"name": "contrfact2", "description": null, "annotations": {}, "label": "contrfact2", "type": "text"}, {"name": "contributing_factor", "description": null, "annotations": {"multivalued": ",", "facet": true, "facetsort": "-count", "disjunctive": true}, "label": "Contributing Factor", "type": "text"}, {"name": "vehicleconcat1", "description": null, "annotations": {}, "label": "vehicleconcat1", "type": "text"}, {"name": "vehicleconcat2", "description": null, "annotations": {}, "label": "vehicleconcat2", "type": "text"}, {"name": "vehicleconcat3", "description": null, "annotations": {}, "label": "vehicleconcat3", "type": "text"}, {"name": "vehicle_type", "description": null, "annotations": {"facet": true, "disjunctive": true, "multivalued": ",", "facetsort": "-count"}, "label": "Vehicle Type", "type": "text"}], "metas": {"default": {"title": "Crash Data", "description": "<p>This dataset contains crash information from the last five years to the current date.\u00a0</p><p>The data is based on the National Incident Based Reporting System (NIBRS).\u00a0The data is dynamic, allowing for additions, deletions and modifications at any time, resulting in more accurate information in the database. Due to ongoing and continuous data entry, the numbers of records in subsequent extractions are subject to change.</p><p><strong></strong></p><p><strong>About Crash Data</strong></p><p>The Cary Police Department strives to make crash data as accurate as possible, but there is no avoiding the introduction of errors into this process, which relies on data furnished by many people and that cannot always be verified. As the data is updated on this site there will be instances of adding new incidents and updating existing data with information gathered through the investigative process.</p><p>Not surprisingly, crash data becomes more accurate over time, as new crashes are reported and more information comes to light during investigations.</p><p>This dynamic nature of crash data means that content provided here today will probably differ from content provided a week from now. Likewise, content provided on this site will probably differ somewhat from crime statistics published elsewhere by the Town of Cary, even though they draw from the same database.</p><p><strong></strong></p><p><strong>About Crash Locations</strong></p><p>Crash locations reflect the approximate locations of the crash. Certain crashes may not appear on maps if there is insufficient detail to establish a specific, mappable location.</p><p>This dataset is updated daily.</p>", "theme": ["Justice, Safety, Police, Crime"], "keyword": ["Police", "Traffic", "Incidents", "Public Safety", "Crash", "Weather", "Road Conditions", "Accidents", "Crashes"], "license": "Open Database License (ODbL)", "license_url": "http://opendatacommons.org/licenses/odbl/", "language": "en", "metadata_languages": ["en"], "timezone": null, "modified": "2022-05-21T13:02:07+00:00", "modified_updates_on_metadata_change": true, "modified_updates_on_data_change": true, "geographic_area_mode": null, "geographic_area": null, "data_processed": "2022-05-21T13:02:07+00:00", "metadata_processed": "2022-05-21T13:02:07.622000+00:00", "geographic_reference": ["us_40_37"], "geographic_reference_auto": true, "territory": ["North Carolina"], "publisher": "Town of Cary", "references": "https://data.townofcary.org/api/odata/cpd-crash-incidents/", "records_count": 23482, "attributions": null, "source_domain": null, "source_domain_title": null, "source_domain_address": null, "source_dataset": null, "shared_catalog": null, "federated": false, "oauth_scope": null, "parent_domain": null}}}}